just in case,just in case,just,in case
just in case,even though today,even,though today
just in case,so that moment,so,that moment
just in case,ever after cross,ever,after cross
just in case,even as wilt,even,as wilt
just in case,even if today,even,if today
white coat hypertension,white coat hypertension,white,coat hypertension
white coat hypertension,absolute state sovereignty,absolute,state sovereignty
white coat hypertension,average heat flux,average,heat flux
white coat hypertension,annual music festival,annual,music festival
white coat hypertension,american college president,american,college president
white coat hypertension,alternative life style,alternative,life style
dull as ditchwater,dull as ditchwater,dull,as ditchwater
dull as ditchwater,prone now ever,prone,now ever
dull as ditchwater,good as far,good,as far
dull as ditchwater,little too much,little,too much
dull as ditchwater,high as continually,high,as continually
dull as ditchwater,near far away,near far,away
neither here nor there,neither here nor there,neither,here nor there
neither here nor there,nearly north and south,nearly,north and south
neither here nor there,not once but twice,not,once but twice
neither here nor there,straight up and down,straight up,and down
neither here nor there,only here and there,only here,and there
neither here nor there,not wisely but well,not,wisely but well
way of all flesh,way of all flesh,way,of all flesh
way of all flesh,friend in new york,friend,in new york
way of all flesh,country like united states,country,like united states
way of all flesh,attack on soviet union,attack,on soviet union
way of all flesh,life of our lord,life,of our lord
way of all flesh,commencement of french revolution,commencement,of french revolution
in bad odor,in bad odor,in,bad odor
in bad odor,about same pitch,about,same pitch
in bad odor,along real axis,along,real axis
in bad odor,about 70th degree,about,70th degree
in bad odor,along western margin,along,western margin
in bad odor,about 15th day,about,15th day
find her place,find her place,find,her place
find her place,find them fast,find,them fast
find her place,return me evil,return,me evil
find her place,bring them relief,bring,them relief
find her place,support her population,support,her population
find her place,call it anything,call,it anything
in full force,in full force,in,full force
in full force,with small success,with,small success
in full force,of considerable extent,of,considerable extent
in full force,of whole system,of,whole system
in full force,at particular time,at,particular time
in full force,by own consent,by,own consent
on good terms,on good terms,on,good terms
on good terms,under similar circumstances,under,similar circumstances
on good terms,in different proportions,in,different proportions
on good terms,for valuable suggestions,for,valuable suggestions
on good terms,in certain areas,in,certain areas
on good terms,of other kinds,of,other kinds
no great shakes,no great shakes,no great,shakes
no great shakes,ah good people,ah,good people
no great shakes,dear precious lines,dear,precious lines
no great shakes,ah merry boys,ah,merry boys
no great shakes,bye little birds,bye,little birds
no great shakes,nay reverend gentlemen,nay reverend,gentlemen
as right as rain,as right as rain,as right,as rain
as right as rain,equally distant from center,equally,distant from center
as right as rain,well worthy of imitation,well,worthy of imitation
as right as rain,largely responsible for fact,largely,responsible for fact
as right as rain,far short of mark,far short,of mark
as right as rain,almost independent of temperature,almost independent,of temperature
never you mind,never you mind,never,you mind
never you mind,much it be,much it,be
never you mind,so you mean,so,you mean
never you mind,north i fail,north,i fail
never you mind,as he appear,as,he appear
never you mind,courtly thou think,courtly,thou think
revolving door syndrome,revolving door syndrome,revolving,door syndrome
revolving door syndrome,18th century opera,18th century,opera
revolving door syndrome,abstract syntax notation,abstract,syntax notation
revolving door syndrome,abnormal density lipoprotein,abnormal,density lipoprotein
revolving door syndrome,above matrix equation,above,matrix equation
revolving door syndrome,absolute velocity u,absolute,velocity u
raised her voice,raised her voice,raised,her voice
raised her voice,agreed she receive,agreed,she receive
raised her voice,announced he perform,announced,he perform
raised her voice,begun you see,begun,you see
raised her voice,alarmed they march,alarmed,they march
raised her voice,alarmed you see,alarmed,you see
look before you leap,look before you leap,look,before you leap
look before you leap,come io me aphea,come io me,aphea
look before you leap,divide among them iii,divide,among them iii
look before you leap,be for i lord,be for i,lord
look before you leap,invite for me honoria,invite for me,honoria
exit stage left,exit stage left,exit stage,left
exit stage left,alarm bell pealed,alarm bell,pealed
exit stage left,absorbing topic ousted,absorbing,topic ousted
exit stage left,a. a. had,a. a.,had
exit stage left,angel hath said,angel,hath said
exit stage left,age group comprised,age group,comprised
first and last,first and last,first,and last
first and last,china and japan,china,and japan
first and last,england and wales,england,and wales
first and last,journal and messenger,journal,and messenger
first and last,bazalgette and humphreys,bazalgette,and humphreys
first and last,sedition and blasphemy,sedition,and blasphemy