rainbow bridge,rainbow bridge,rainbow,bridge
rainbow bridge,gary grant,gary,grant
rainbow bridge,black economy,black,economy
made a point,made a point,made,a point
made a point,came that way,came,that way
made a point,made the excuse,made,the excuse
made a point,burst a laughing,burst,a laughing
white trash,white trash,white,trash
white trash,sufficient money,sufficient,money
white trash,standard treatment,standard,treatment
white trash,superior sanctity,superior,sanctity
gravy train,gravy train,gravy,train
gravy train,design principle,design,principle
gravy train,discovery method,discovery,method
gravy train,discussion process,discussion,process
jungle telegraph,jungle telegraph,jungle,telegraph
jungle telegraph,achievement concern,achievement,concern
fight like cat and dog,fight like cat and dog,fight,like cat and dog
fight like cat and dog,find in field and side,find,in field and side
fight like cat and dog,hang on flank and rear,hang,on flank and rear
fight like cat and dog,fill with bliss and suffering,fill,with bliss and suffering
call centre,call centre,call,centre
call centre,adult position,adult,position
call centre,action film,action,film
call centre,animal protection,animal,protection
top dog,top dog,top,dog
top dog,new technology,new,technology
top dog,very root,very,root
top dog,useful drug,useful,drug
off balance,off balance,off,balance
off balance,two story,two,story
off balance,three factor,three,factor
off balance,ill nature,ill,nature
hand it to someone,hand it to someone,hand it,to someone
hand it to someone,deliver them to plaintiff,deliver them,to plaintiff
hand it to someone,betray them to practice,betray them,to practice
hand it to someone,rouse it to action,rouse it,to action
whisper campaign,whisper campaign,whisper,campaign
whisper campaign,ability eloquence,ability,eloquence
setting up shop,setting up shop,setting up,shop
setting up shop,drafting in industry,drafting,in industry
setting up shop,constructing on river,constructing,on river
setting up shop,creeping into england,creeping,into england
daylight robbery,daylight robbery,daylight,robbery
daylight robbery,anilin blue,anilin,blue
daylight robbery,afternoon rehearsal,afternoon,rehearsal
daylight robbery,adult viewpoint,adult,viewpoint
grandfather clock,grandfather clock,grandfather,clock
grandfather clock,carcinoid syndrome,carcinoid,syndrome
grandfather clock,language game,language,game
grandfather clock,choice behavior,choice,behavior
as good as new,as good as new,as good,as new
as good as new,as good as other,as good,as other
as good as new,as low as possible,as low,as possible
as good as new,as simple as possible,as simple,as possible
media darling,media darling,media,darling
media darling,customs collector,customs,collector
media darling,personnel function,personnel,function
media darling,wages fund,wages,fund
beauty mark,beauty mark,beauty,mark
beauty mark,aluminium cylinder,aluminium,cylinder
beauty mark,advertisement revenue,advertisement,revenue
beauty mark,achievement scale,achievement,scale
fighting chance,fighting chance,fighting,chance
fighting chance,dividing line,dividing,line
fighting chance,following record,following,record
fighting chance,following proclamation,following,proclamation
set in stone,set in stone,set,in stone
set in stone,considered of consequence,considered,of consequence
set in stone,considered as science,considered,as science
set in stone,employed in city,employed,in city
matter of time,matter of time,matter,of time
matter of time,work of art,work,of art
matter of time,state of mind,state,of mind
matter of time,piece of work,piece,of work
inner circle,inner circle,inner,circle
inner circle,slow growth,slow,growth
inner circle,good use,good,use
inner circle,same book,same,book
nuclear option,nuclear option,nuclear,option
nuclear option,minimal value,minimal,value
nuclear option,early mass,early,mass
nuclear option,suppurative process,suppurative,process
fashion plate,fashion plate,fashion,plate
fashion plate,sphincter pressure,sphincter,pressure
fashion plate,colloidal silica,colloidal,silica
fashion plate,wall section,wall,section
mass destruction,mass destruction,mass,destruction
mass destruction,eleventh day,eleventh,day
mass destruction,political revolution,political,revolution
mass destruction,little opposition,little,opposition
vale of tears,vale of tears,vale,of tears
vale of tears,group of officers,group,of officers
vale of tears,number of samples,number,of samples
vale of tears,conservation of resources,conservation,of resources
smooth as oil,smooth as oil,smooth,as oil
smooth as oil,full of heat,full,of heat
smooth as oil,aware of limitation,aware,of limitation
smooth as oil,mute as fish,mute,as fish
oil and water,oil and water,oil,and water
oil and water,willingness to pay,willingness,to pay
oil and water,x ray picture,x ray,picture
oil and water,description item test,description,item test
go down in flames,go down in flames,go down,in flames
go down in flames,go out with friends,go out,with friends
go down in flames,be out in minutes,be out,in minutes
go down in flames,go out into highways,go out,into highways
back passage,back passage,back,passage
back passage,additional accommodation,additional,accommodation
back passage,hostile meeting,hostile,meeting
back passage,intricate mechanism,intricate,mechanism
lay it on thick,lay it on thick,lay it,on thick
lay it on thick,leave us in dark,leave us,in dark
lay it on thick,bring us at last,bring us,at last
lay it on thick,make it as easy,make it,as easy
intellectually challenged,intellectually challenged,intellectually,challenged
intellectually challenged,accordingly flew,accordingly,flew
intellectually challenged,alone maintained,alone,maintained
intellectually challenged,again instituted,again,instituted
banana split,banana split,banana,split
banana split,evidence pro,evidence,pro
banana split,maximum torque,maximum,torque
banana split,frame problem,frame,problem
tennis elbow,tennis elbow,tennis,elbow
tennis elbow,air side,air,side
tennis elbow,aldosterone production,aldosterone,production
tennis elbow,side pressure,side,pressure
reality check,reality check,reality,check
reality check,birch tree,birch,tree
reality check,woollen trade,woollen,trade
reality check,hearty laugh,hearty,laugh
all eyes and ears,all eyes and ears,all eyes,and ears
all eyes and ears,all courts and parties,all courts,and parties
all eyes and ears,all interests and profits,all interests,and profits
all eyes and ears,all countries and places,all countries,and places
kernel of truth,kernel of truth,kernel,of truth
kernel of truth,life of luxury,life,of luxury
kernel of truth,recognition of importance,recognition,of importance
kernel of truth,tendency of mind,tendency,of mind
common as dirt,common as dirt,common,as dirt
common as dirt,present in vagina,present,in vagina
common as dirt,present in pattern,present,in pattern
common as dirt,deep in study,deep,in study
shrinking violet,shrinking violet,shrinking,violet
shrinking violet,moving object,moving,object
shrinking violet,growing population,growing,population
shrinking violet,circulating library,circulating,library
whip into shape,whip into shape,whip,into shape
whip into shape,enter upon period,enter,upon period
whip into shape,prepare for resistance,prepare,for resistance
whip into shape,preach for time,preach,for time
make his mark,make his mark,make,his mark
make his mark,test his understanding,test,his understanding
make his mark,sacrifice his life,sacrifice,his life
make his mark,cultivate his taste,cultivate,his taste
paying dividends,paying dividends,paying,dividends
paying dividends,differing problems,differing,problems
paying dividends,leading routes,leading,routes
paying dividends,bordering provinces,bordering,provinces
spelling bee,spelling bee,spelling,bee
spelling bee,radio programming,radio,programming
spelling bee,mandibular premolar,mandibular,premolar
spelling bee,base pressure,base,pressure
old timer,old timer,old,timer
old timer,great aunt,great,aunt
old timer,step father,step,father
old timer,based system,based,system
backhanded compliment,backhanded compliment,backhanded,compliment
backhanded compliment,accurate chart,accurate,chart
backhanded compliment,3rd meeting,3rd,meeting
backhanded compliment,above liquid,above,liquid
keeping company,keeping company,keeping,company
keeping company,sleeping person,sleeping,person
keeping company,inhibiting effect,inhibiting,effect
keeping company,prevailing power,prevailing,power
taking it easy,taking it easy,taking it,easy
taking it easy,keeping it secret,keeping it,secret
taking it easy,getting it ready,getting it,ready
taking it easy,keeping them free,keeping them,free
date with destiny,date with destiny,date,with destiny
date with destiny,education in state,education,in state
date with destiny,commemorative of event,commemorative,of event
date with destiny,compound with iodine,compound,with iodine
can of worms,can of worms,can,of worms
can of worms,location of industries,location,of industries
can of worms,convention of states,convention,of states
can of worms,effect of actions,effect,of actions
walk on water,walk on water,walk,on water
walk on water,do in consequence,do,in consequence
walk on water,consider with respect,consider,with respect
walk on water,lead by hand,lead,by hand
make oneself at home,make oneself at home,make oneself,at home
make oneself at home,anoint us with oil,anoint us,with oil
make oneself at home,animate them by presence,animate them,by presence
make oneself at home,annoy her in way,annoy her,in way
last hurrah,last hurrah,last,hurrah
last hurrah,deputy director,deputy,director
last hurrah,retired teacher,retired,teacher
last hurrah,brief synopsis,brief,synopsis
cutting edge,cutting edge,cutting,edge
cutting edge,increasing frequency,increasing,frequency
cutting edge,following night,following,night
cutting edge,following century,following,century
noble gas,noble gas,noble,gas
noble gas,broad groove,broad,groove
noble gas,clastic material,clastic,material
noble gas,brave action,brave,action
couch potato,couch potato,couch,potato
couch potato,circuit preacher,circuit,preacher
couch potato,time present,time,present
couch potato,government project,government,project
all kidding aside,all kidding aside,all kidding,aside
all kidding aside,the putting away,the,putting away
all kidding aside,the joining together,the,joining together
all kidding aside,the bringing forth,the,bringing forth
yellow brick road,yellow brick road,yellow,brick road
yellow brick road,homogeneous differential equation,homogeneous,differential equation
yellow brick road,internal geniculate body,internal,geniculate body
yellow brick road,low symptom group,low,symptom group
second fiddle,second fiddle,second,fiddle
second fiddle,large box,large,box
second fiddle,single sentence,single,sentence
second fiddle,second attack,second,attack
inner product,inner product,inner,product
inner product,applied analysis,applied,analysis
inner product,environmental field,environmental,field
inner product,everyday activity,everyday,activity
cutting corners,cutting corners,cutting,corners
cutting corners,adjoining objects,adjoining,objects
cutting corners,adopting principles,adopting,principles
cutting corners,accepting pleas,accepting,pleas
hard feelings,hard feelings,hard,feelings
hard feelings,last miles,last,miles
hard feelings,young students,young,students
hard feelings,different feelings,different,feelings
up to scratch,up to scratch,up,to scratch
up to scratch,up to corner,up,to corner
up to scratch,up to meeting,up,to meeting
up to scratch,as to citizenship,as,to citizenship
spread like wildfire,spread like wildfire,spread,like wildfire
spread like wildfire,replied in way,replied,in way
spread like wildfire,made at end,made,at end
spread like wildfire,studied for moment,studied,for moment
spent money like water,spent money like water,spent money,like water
spent money like water,had expectation of success,had expectation,of success
spent money like water,blew blast on horn,blew blast,on horn
spent money like water,found employment in office,found employment,in office
as right as rain,as right as rain,as right,as rain
as right as rain,almost independent of temperature,almost independent,of temperature
as right as rain,well worthy of imitation,well worthy,of imitation
as right as rain,largely responsible for fact,largely responsible,for fact
elbow room,elbow room,elbow,room
elbow room,farm machinery,farm,machinery
elbow room,linen cloth,linen,cloth
elbow room,wave equation,wave,equation
carved in stone,carved in stone,carved,in stone
carved in stone,held in position,held,in position
carved in stone,connected with administration,connected,with administration
carved in stone,connected with church,connected,with church
facts of life,facts of life,facts,of life
facts of life,members of staff,members,of staff
facts of life,children of age,children,of age
facts of life,men of time,men,of time
dog and pony show,dog and pony show,dog and pony,show
dog and pony show,porcelain or platinum dish,porcelain or platinum,dish
dog and pony show,fruit and vegetable trade,fruit and vegetable,trade
dog and pony show,dairy and food commissioner,dairy and food,commissioner
house of ill repute,house of ill repute,house,of ill repute
house of ill repute,study of human behaviour,study,of human behaviour
house of ill repute,increase in kinetic energy,increase,in kinetic energy
house of ill repute,particle in magnetic field,particle,in magnetic field
narrow escape,narrow escape,narrow,escape
narrow escape,very thing,very,thing
narrow escape,special significance,special,significance
narrow escape,crucial role,crucial,role
blame game,blame game,blame,game
blame game,symmetry condition,symmetry,condition
blame game,system solution,system,solution
blame game,swimming suit,swimming,suit
dull as ditchwater,dull as ditchwater,dull,as ditchwater
dull as ditchwater,prone now ever,prone,now ever
dull as ditchwater,little too much,little,too much
dull as ditchwater,high as continually,high,as continually
sail under false colors,sail under false colors,sail,under false colors
sail under false colors,depend on other people,depend,on other people
sail under false colors,live like other men,live,like other men
sail under false colors,talk about own affairs,talk,about own affairs
packed like sardines,packed like sardines,packed,like sardines
packed like sardines,shown in equations,shown,in equations
packed like sardines,distributed among families,distributed,among families
packed like sardines,divided into subtypes,divided,into subtypes
in high gear,in high gear,in,high gear
in high gear,from actual work,from,actual work
in high gear,during academic year,during,academic year
in high gear,from above discussion,from above,discussion
call to account,call to account,call,to account
call to account,increase to cent,increase,to cent
call to account,move to area,move,to area
call to account,return to hotel,return,to hotel
revolving door syndrome,revolving door syndrome,revolving door,syndrome
revolving door syndrome,18th century opera,18th century,opera
revolving door syndrome,abstract syntax notation,abstract,syntax notation
revolving door syndrome,abnormal density lipoprotein,abnormal density,lipoprotein
adding insult to injury,adding insult to injury,adding insult,to injury
adding insult to injury,stepping stone to life,stepping stone,to life
adding insult to injury,consenting party to deception,consenting party,to deception
adding insult to injury,stepping stone to presidency,stepping stone,to presidency
life vest,life vest,life,vest
life vest,back lot,back,lot
life vest,barn raising,barn,raising
life vest,bind water,bind,water
larger than life,larger than life,larger,than life
larger than life,worse than none,worse,than none
larger than life,greater than amount,greater,than amount
larger than life,less than rate,less,than rate
line of fire,line of fire,line,of fire
line of fire,increase in amount,increase,in amount
line of fire,crest of wave,crest,of wave
line of fire,fall from horse,fall,from horse
armchair critic,armchair critic,armchair,critic
armchair critic,acknowledgment section,acknowledgment,section
armchair critic,abbey enclosure,abbey,enclosure
armchair critic,actin content,actin,content
rolling in it,rolling in it,rolling,in it
rolling in it,kneeling by him,kneeling,by him
rolling in it,going before you,going,before you
rolling in it,running into it,running,into it
second banana,second banana,second,banana
second banana,abnormal kidney,abnormal,kidney
second banana,absolute water,absolute,water
second banana,21st vol,21st,vol
eternal sleep,eternal sleep,eternal,sleep
eternal sleep,actual invasion,actual,invasion
eternal sleep,continued prosperity,continued,prosperity
eternal sleep,hard weather,hard,weather
hand over fist,hand over fist,hand,over fist
hand over fist,% of glucose,%,of glucose
hand over fist,piece of lung,piece,of lung
hand over fist,credibility of government,credibility,of government
search engine,search engine,search,engine
search engine,inverse relationship,inverse,relationship
search engine,pressure measurement,pressure,measurement
search engine,food service,food,service
beast with two backs,beast with two backs,beast,with two backs
beast with two backs,fleet of seven gunboats,fleet,of seven gunboats
beast with two backs,admission of three states,admission,of three states
beast with two backs,film between two plates,film,between two plates
knight in shining armor,knight in shining armor,knight,in shining armor
knight in shining armor,way of setting case,way,of setting case
knight in shining armor,way of making peace,way,of making peace
knight in shining armor,alternative of choosing submission,alternative,of choosing submission
two left feet,two left feet,two,left feet
two left feet,two general approaches,two,general approaches
two left feet,two new terms,two,new terms
two left feet,two small sticks,two,small sticks
sharp tongue,sharp tongue,sharp,tongue
sharp tongue,similar background,similar,background
sharp tongue,usurped authority,usurped,authority
sharp tongue,partial gastrectomy,partial,gastrectomy
hard as nails,hard as nails,hard,as nails
hard as nails,interested in books,interested,in books
hard as nails,dependent on parents,dependent,on parents
hard as nails,different from forms,different,from forms
cat's cradle,cat's cradle,cat 's,cradle
cat's cradle,gram molecule,gram,molecule
cat's cradle,ladies in-waiting,ladies,in-waiting
cat's cradle,paces distance,paces,distance
tough as nails,tough as nails,tough,as nails
tough as nails,full of traits,full,of traits
tough as nails,free from enemies,free,from enemies
tough as nails,true of efforts,true,of efforts
nut case,nut case,nut,case
nut case,summer job,summer,job
nut case,sin sin,sin,sin
nut case,storage site,storage,site
happy medium,happy medium,happy,medium
happy medium,sound sense,sound,sense
happy medium,own logic,own,logic
happy medium,yellow tint,yellow,tint
dirty word,dirty word,dirty,word
dirty word,natural feeling,natural,feeling
dirty word,very stuff,very,stuff
dirty word,modern form,modern,form
death spiral,death spiral,death,spiral
death spiral,area division,area,division
death spiral,acetanilid poisoning,acetanilid,poisoning
acid test,acid test,acid,test
acid test,nerve terminal,nerve,terminal
acid test,building code,building,code
acid test,species composition,species,composition
sell like hot cakes,sell like hot cakes,sell,like hot cakes
sell like hot cakes,look with open eyes,look,with open eyes
sell like hot cakes,depend on other causes,depend,on other causes
sell like hot cakes,appear in such dresses,appear,in such dresses
emotional cripple,emotional cripple,emotional,cripple
emotional cripple,abundant fruit,abundant,fruit
emotional cripple,additional payment,additional,payment
emotional cripple,absolute part,absolute,part
clear as mud,clear as mud,clear,as mud
clear as mud,hot in summer,hot,in summer
clear as mud,same after treatment,same,after treatment
clear as mud,own with usury,own,with usury
resting place,resting place,resting,place
resting place,court yard,court,yard
resting place,anti semitism,anti,semitism
resting place,month period,month,period
fish or cut bait,fish or cut bait,fish or cut,bait
fish or cut bait,living and chosen lecturer,living,and chosen lecturer
fish or cut bait,wealth and established name,wealth,and established name
fish or cut bait,patentee and admired actor,patentee,and admired actor
ivory tower,ivory tower,ivory,tower
ivory tower,stage coach,stage,coach
ivory tower,protein kinase,protein,kinase
ivory tower,evening prayer,evening,prayer
activist judge,activist judge,activist,judge
activist judge,ma'am master,ma'am,master
activist judge,l' administration,l',administration
activist judge,ad invidiam,ad,invidiam
kiss of life,kiss of life,kiss,of life
kiss of life,advent of poet,advent,of poet
kiss of life,bank of fog,bank,of fog
kiss of life,basis for truth,basis,for truth
piece of tail,piece of tail,piece,of tail
piece of tail,principle of slavery,principle,of slavery
piece of tail,deformity of vice,deformity,of vice
piece of tail,estate of decedent,estate,of decedent
nether region,nether region,nether,region
nether region,agreed settlement,agreed,settlement
nether region,academic potential,academic,potential
nether region,continuous journey,continuous,journey
desk jockey,desk jockey,desk,jockey
desk jockey,advance regiment,advance,regiment
desk jockey,arrow diagram,arrow,diagram
desk jockey,acid soap,acid,soap
taking it upon oneself,taking it upon oneself,taking it,upon oneself
taking it upon oneself,bestowing it upon us,bestowing it,upon us
taking it upon oneself,admitting you with themselves,admitting you,with themselves
taking it upon oneself,delivering him from it,delivering him,from it
look before you leap,look before you leap,look,before you leap
look before you leap,be for i lord,be for i,lord
look before you leap,divide among them iii,divide,among them iii
look before you leap,invite for me honoria,invite for me,honoria
time is money,time is money,time,is money
time is money,woman is woman,woman,is woman
time is money,night is time,night,is time
time is money,result is loss,result,is loss
role model,role model,role,model
role model,water present,water,present
role model,price competition,price,competition
role model,toilet paper,toilet,paper
golden years,golden years,golden,years
golden years,colonial laws,colonial,laws
golden years,important examples,important,examples
golden years,marshy districts,marshy,districts
plain as porridge,plain as porridge,plain,as porridge
plain as porridge,differently by loss,differently,by loss
plain as porridge,apparently by partiality,apparently,by partiality
plain as porridge,else than imitation,else,than imitation
sure as eggs,sure as eggs,sure,as eggs
sure as eggs,present as grains,present,as grains
sure as eggs,conscious of virtues,conscious,of virtues
sure as eggs,effective against targets,effective,against targets
head over heels,head over heels,head,over heels
head over heels,horn rimmed glasses,horn,rimmed glasses
head over heels,co operative stores,co operative,stores
head over heels,needle like crystals,needle,like crystals
alternative lifestyle,alternative lifestyle,alternative,lifestyle
alternative lifestyle,architectural historian,architectural,historian
alternative lifestyle,34th chapter,34th,chapter
alternative lifestyle,absent sovereign,absent,sovereign
hash slinger,hash slinger,hash,slinger
hash slinger,cap'u a,cap ',u a
hash slinger,1945 boom,1945,boom
hash slinger,10 board,10,board
knock on wood,knock on wood,knock,on wood
knock on wood,keep in car,keep,in car
knock on wood,keep at peace,keep,at peace
knock on wood,come after breakfast,come,after breakfast
keeping up appearances,keeping up appearances,keeping up,appearances
keeping up appearances,characterization of sequences,characterization,of sequences
keeping up appearances,cent for days,cent,for days
keeping up appearances,crown at feet,crown,at feet
war of words,war of words,war,of words
war of words,company of others,company,of others
war of words,pair of hands,pair,of hands
war of words,basis of prices,basis,of prices
in the running,in the running,in,the running
in the running,for the sending,for the,sending
in the running,by the carrying,by,the carrying
in the running,for the gaining,for the,gaining
do right by,do right by,do,right by
do right by,be back amongst,be,back amongst
do right by,hold long in,hold,long in
do right by,arise much from,arise,much from
in light of,in light of,in light,of
in light of,in comparison with,in comparison,with
in light of,in behalf of,in behalf,of
in light of,by mediation than,by mediation,than
safe as houses,safe as houses,safe,as houses
safe as houses,free from abuses,free,from abuses
safe as houses,free from cells,free,from cells
safe as houses,free from claims,free,from claims
bargain basement,bargain basement,bargain,basement
bargain basement,abuse problem,abuse,problem
bargain basement,bias circuit,bias,circuit
bargain basement,motion production,motion,production
walk of life,walk of life,walk,of life
walk of life,end of play,end,of play
walk of life,passage of act,passage,of act
walk of life,payment of rent,payment,of rent
correctional facility,correctional facility,correctional,facility
correctional facility,big mansion,big,mansion
correctional facility,comfortable meal,comfortable,meal
correctional facility,canadian campaign,canadian,campaign
happily ever after,happily ever after,happily,ever after
happily ever after,almost easily as,almost easily,as
happily ever after,so closely as,so,closely as
happily ever after,almost rapidly as,almost,rapidly as
nature calls,nature calls,nature,calls
nature calls,knowledge constitutes,knowledge,constitutes
nature calls,backwardness is,backwardness,is
nature calls,former belongs,former,belongs
rat race,rat race,rat,race
rat race,land survey,land,survey
rat race,nitrogen present,nitrogen,present
rat race,housing situation,housing,situation
young blood,young blood,young,blood
young blood,beneficial interest,beneficial,interest
young blood,new convention,new,convention
young blood,differential treatment,differential,treatment
cattle call,cattle call,cattle,call
cattle call,abuses proceed,abuses,proceed
cattle call,addresses require,addresses,require
cattle call,advocates represent,advocates,represent
chain reaction,chain reaction,chain,reaction
chain reaction,blotting paper,blotting,paper
chain reaction,conduction band,conduction,band
chain reaction,ionizing radiation,ionizing,radiation
seeing is believing,seeing is believing,seeing,is believing
seeing is believing,adjoining is containing,adjoining,is containing
seeing is believing,knowing means knowing,knowing,means knowing
seeing is believing,understanding requires understanding,understanding,requires understanding
pearl of wisdom,pearl of wisdom,pearl,of wisdom
pearl of wisdom,value of role,value,of role
pearl of wisdom,value of km,value,of km
pearl of wisdom,vaporization of water,vaporization,of water
party favor,party favor,party,favor
party favor,ability principle,ability,principle
party favor,bath attendant,bath,attendant
party favor,art genius,art,genius
white coat hypertension,white coat hypertension,white coat,hypertension
white coat hypertension,annual music festival,annual,music festival
white coat hypertension,alternative life style,alternative,life style
white coat hypertension,absolute state sovereignty,absolute,state sovereignty
set in motion,set in motion,set,in motion
set in motion,discussed at length,discussed,at length
set in motion,done in way,done,in way
set in motion,been at work,been,at work
carpet bombing,carpet bombing,carpet,bombing
carpet bombing,act scene,act,scene
carpet bombing,air world,air,world
carpet bombing,angling fraternity,angling,fraternity
vertically challenged,vertically challenged,vertically,challenged
vertically challenged,o'clock served,o'clock,served
vertically challenged,admittedly achieved,admittedly,achieved
vertically challenged,accordingly rewarded,accordingly,rewarded
fall between two stools,fall between two stools,fall,between two stools
fall between two stools,distinguish between two cases,distinguish,between two cases
fall between two stools,remain for ten minutes,remain,for ten minutes
fall between two stools,divide into four groups,divide,into four groups
sure as fate,sure as fate,sure,as fate
sure as fate,black in color,black,in color
sure as fate,built in level,built,in level
sure as fate,looking though animal,looking,though animal
potty mouth,potty mouth,potty,mouth
potty mouth,arch'd eyebrow,arch'd,eyebrow
potty mouth,fav'rite maid,fav'rite,maid
potty mouth,colour'd mass,colour'd,mass
cheat sheet,cheat sheet,cheat,sheet
cheat sheet,burning fuse,burning,fuse
cheat sheet,air whistle,air,whistle
cheat sheet,entire process,entire,process
middle ground,middle ground,middle,ground
middle ground,private school,private,school
middle ground,full name,full,name
middle ground,little strength,little,strength
watery grave,watery grave,watery,grave
watery grave,further change,further,change
watery grave,scientific explanation,scientific,explanation
watery grave,new scene,new,scene
mother tongue,mother tongue,mother,tongue
mother tongue,cell membrane,cell,membrane
mother tongue,land use,land,use
mother tongue,vantage point,vantage,point
selling point,selling point,selling,point
selling point,guest speaker,guest,speaker
selling point,treasure trove,treasure,trove
selling point,opposition party,opposition,party
life belt,life belt,life,belt
life belt,box room,box,room
life belt,air thermometer,air,thermometer
life belt,layer theory,layer,theory
memory lane,memory lane,memory,lane
memory lane,armament program,armament,program
memory lane,snake skin,snake,skin
memory lane,foodgrain production,foodgrain,production
damn with faint praise,damn with faint praise,damn,with faint praise
damn with faint praise,be of further use,be,of further use
damn with faint praise,be of equal importance,be,of equal importance
damn with faint praise,be of secondary importance,be,of secondary importance
eye candy,eye candy,eye,candy
eye candy,area division,area,division
eye candy,acetanilid poisoning,acetanilid,poisoning
soft as silk,soft as silk,soft,as silk
soft as silk,apparent from figure,apparent,from figure
soft as silk,responsible for property,responsible,for property
soft as silk,ready for event,ready,for event
given her all,given her all,given,her all
given her all,read them all,read,them all
given her all,taught you this,taught,you this
given her all,told me this,told,me this
nest egg,nest egg,nest,egg
nest egg,cavalry force,cavalry,force
nest egg,simulation model,simulation,model
nest egg,management team,management,team
house of office,house of office,house,of office
house of office,construction of novel,construction,of novel
house of office,dilatation of bladder,dilatation,of bladder
house of office,principle of resolution,principle,of resolution
made fun of,made fun of,made,fun of
made fun of,got hold of,got,hold of
made fun of,taken leaf out,taken,leaf out
made fun of,made choice of,made,choice of
white magic,white magic,white,magic
white magic,complete healing,complete,healing
white magic,analytical treatment,analytical,treatment
white magic,chinese tea,chinese,tea
exotic dancer,exotic dancer,exotic,dancer
exotic dancer,afghan state,afghan,state
exotic dancer,acceptable approach,acceptable,approach
exotic dancer,acute nonsense,acute,nonsense
cocktail dress,cocktail dress,cocktail,dress
cocktail dress,case process,case,process
cocktail dress,bodily process,bodily,process
cocktail dress,library policy,library,policy
devil in disguise,devil in disguise,devil,in disguise
devil in disguise,date of appearance,date,of appearance
devil in disguise,land of light,land,of light
devil in disguise,attack of disease,attack,of disease
dirty money,dirty money,dirty,money
dirty money,absolute system,absolute,system
dirty money,ordinary effect,ordinary,effect
dirty money,former territory,former,territory
brass ring,brass ring,brass,ring
brass ring,absorption edge,absorption,edge
brass ring,line work,line,work
brass ring,acid process,acid,process
upper crust,upper crust,upper,crust
upper crust,upper division,upper,division
upper crust,polluted water,polluted,water
upper crust,principal office,principal,office
under lock and key,under lock and key,under,lock and key
under lock and key,of love and respect,of,love and respect
under lock and key,of wood or stone,of,wood or stone
under lock and key,of interest and importance,of,interest and importance
die like flies,die like flies,die,like flies
die like flies,show at times,show,at times
die like flies,begin with definitions,begin,with definitions
die like flies,occur in chapters,occur,in chapters
make bricks without straw,make bricks without straw,make bricks,without straw
make bricks without straw,meet needs of population,meet needs,of population
make bricks without straw,spend years of life,spend years,of life
make bricks without straw,destroy works of devil,destroy works,of devil
second childhood,second childhood,second,childhood
second childhood,human muscle,human,muscle
second childhood,russian war,russian,war
second childhood,remarkable beauty,remarkable,beauty
pecking order,pecking order,pecking,order
pecking order,existing war,existing,war
pecking order,prevailing tendency,prevailing,tendency
pecking order,driving seat,driving,seat
flannelled fool,flannelled fool,flannelled,fool
flannelled fool,1989-1996 study,1989 - 1996,study
flannelled fool,tutor'd parrot,tutor'd,parrot
flannelled fool,abdominal leg,abdominal,leg
black as coal,black as coal,black,as coal
black as coal,free from blame,free,from blame
black as coal,ardent in acquisition,ardent,in acquisition
black as coal,black with dishonour,black,with dishonour
brain teaser,brain teaser,brain,teaser
brain teaser,wat'ry maze,wat 'ry,maze
right as ninepence,right as ninepence,right,as ninepence
right as ninepence,late as 1786,late,as 1786
right as ninepence,never by one,never,by one
right as ninepence,early as 1805,early,as 1805
do by halves,do by halves,do,by halves
do by halves,fall on knees,fall,on knees
do by halves,play with children,play,with children
do by halves,see for days,see,for days
urban fabric,urban fabric,urban,fabric
urban fabric,exceptional man,exceptional,man
urban fabric,british context,british,context
urban fabric,ambitious programme,ambitious,programme
charmed life,charmed life,charmed,life
charmed life,correct diagnosis,correct,diagnosis
charmed life,good excuse,good,excuse
charmed life,second class,second,class
hanging offence,hanging offence,hanging,offence
hanging offence,acting professor,acting,professor
hanging offence,crumbling wall,crumbling,wall
hanging offence,answering machine,answering,machine
amateur hour,amateur hour,amateur,hour
amateur hour,american trotskyism,american,trotskyism
amateur hour,athletic control,athletic,control
amateur hour,american memoir,american,memoir
no longer with us,no longer with us,no longer,with us
no longer with us,the better for it,the better,for it
no longer with us,no longer with them,no longer,with them
no longer with us,no longer with him,no longer,with him
change of tack,change of tack,change,of tack
change of tack,contrast in mind,contrast,in mind
change of tack,continuation of function,continuation,of function
change of tack,context of mode,context,of mode
bad hair day,bad hair day,bad hair,day
bad hair day,hepatic protein synthesis,hepatic,protein synthesis
bad hair day,fresh morning breeze,fresh,morning breeze
bad hair day,electoral college system,electoral college,system
peep of day,peep of day,peep,of day
peep of day,side of midline,side,of midline
peep of day,nature of intelligence,nature,of intelligence
peep of day,kind of religion,kind of,religion
old boy network,old boy network,old boy,network
old boy network,dark glass bottle,dark,glass bottle
old boy network,incomplete bundle block,incomplete,bundle block
old boy network,upper frequency limit,upper,frequency limit
marital embrace,marital embrace,marital,embrace
marital embrace,able charge,able,charge
marital embrace,adaptive specialization,adaptive,specialization
marital embrace,accelerated accumulation,accelerated,accumulation
milk tooth,milk tooth,milk,tooth
milk tooth,image processor,image,processor
milk tooth,cook shack,cook,shack
milk tooth,bus shelter,bus,shelter
take on faith,take on faith,take,on faith
take on faith,give on behalf,give,on behalf
take on faith,get for work,get,for work
take on faith,convert into gold,convert,into gold
weak as water,weak as water,weak,as water
weak as water,characteristic of school,characteristic,of school
weak as water,innocent of knowledge,innocent,of knowledge
weak as water,full of stuff,full,of stuff
elbow grease,elbow grease,elbow,grease
elbow grease,living picture,living,picture
elbow grease,time scheme,time,scheme
elbow grease,database environment,database,environment
uphill battle,uphill battle,uphill,battle
uphill battle,certain behavior,certain,behavior
uphill battle,direct contradiction,direct,contradiction
uphill battle,fine scenery,fine,scenery
ballpark estimate,ballpark estimate,ballpark,estimate
ballpark estimate,accidental similitude,accidental,similitude
ballpark estimate,3rd vol,3rd,vol
ballpark estimate,actual wave,actual,wave
palace intrigue,palace intrigue,palace,intrigue
palace intrigue,drug dependency,drug,dependency
palace intrigue,compliance program,compliance,program
palace intrigue,cash production,cash,production
dead asleep,dead asleep,dead,asleep
dead asleep,large well,large,well
dead asleep,"1,000 fold","1,000",fold
dead asleep,year just,year,just
seat of ease,seat of ease,seat,of ease
seat of ease,contrast between performance,contrast,between performance
seat of ease,% above base,%,above base
seat of ease,acceptance by editor,acceptance,by editor
faceless bureaucrat,faceless bureaucrat,faceless,bureaucrat
faceless bureaucrat,13th circuit,13th,circuit
faceless bureaucrat,103rd section,103rd,section
faceless bureaucrat,alter'd mind,alter'd,mind
peanut gallery,peanut gallery,peanut,gallery
peanut gallery,armature periphery,armature,periphery
peanut gallery,assistance agreement,assistance,agreement
peanut gallery,air puff,air,puff
thick as thieves,thick as thieves,thick,as thieves
thick as thieves,angry with people,angry,with people
thick as thieves,interested in events,interested,in events
thick as thieves,full of adventures,full,of adventures
jump for joy,jump for joy,jump,for joy
jump for joy,cool in current,cool,in current
jump for joy,be by amount,be,by amount
jump for joy,be in concentration,be,in concentration
cheap thrill,cheap thrill,cheap,thrill
cheap thrill,10th 12th,10th,12th
cheap thrill,abrupt discontinuance,abrupt,discontinuance
cheap thrill,47th section,47th,section
rock bottom,rock bottom,rock,bottom
rock bottom,material cost,material,cost
rock bottom,community group,community,group
rock bottom,letter writer,letter,writer
private eye,private eye,private,eye
private eye,first string,first,string
private eye,immediate feedback,immediate,feedback
private eye,capillary bronchitis,capillary,bronchitis
crimson tide,crimson tide,crimson,tide
crimson tide,former production,former,production
crimson tide,cosmic egg,cosmic,egg
crimson tide,latter disorder,latter,disorder
bold as brass,bold as brass,bold,as brass
bold as brass,black as coal,black,as coal
bold as brass,black with dishonour,black,with dishonour
bold as brass,ardent in acquisition,ardent,in acquisition
common as muck,common as muck,common,as muck
common as muck,admirable than hovel,admirable,than hovel
common as muck,asham'd of exchange,asham'd,of exchange
common as muck,shipwreck'd on strand,shipwreck'd,on strand
large and in charge,large and in charge,large,and in charge
large and in charge,advanced and at time,advanced and at,time
large and in charge,full and of success,full and of,success
large and in charge,desperate and in need,desperate,and in need
hard done by,hard done by,hard,done by
hard done by,better described than,better,described than
hard done by,carefully sought for,carefully,sought for
hard done by,thus driven out,thus,driven out
clear as day,clear as day,clear,as day
clear as day,possible for number,possible,for number
clear as day,necessary in order,necessary,in order
clear as day,clear as sun,clear,as sun
fever pitch,fever pitch,fever,pitch
fever pitch,consumption function,consumption,function
fever pitch,water control,water,control
fever pitch,hip disease,hip,disease
lap of luxury,lap of luxury,lap,of luxury
lap of luxury,mile from house,mile,from house
lap of luxury,way of consolation,way,of consolation
lap of luxury,lack of communication,lack,of communication
match made in hell,match made in hell,match,made in hell
match made in hell,amount raised in year,amount,raised in year
match made in hell,angle subtended by shell,angle,subtended by shell
match made in hell,animal found in peninsula,animal,found in peninsula
figure of speech,figure of speech,figure,of speech
figure of speech,length of time,length,of time
figure of speech,source of energy,source,of energy
figure of speech,member of staff,member,of staff
yellow journalist,yellow journalist,yellow,journalist
yellow journalist,absolute quietness,absolute,quietness
yellow journalist,abrupt closing,abrupt,closing
yellow journalist,active king,active,king
old flame,old flame,old,flame
old flame,indian constitution,indian,constitution
old flame,eternal soul,eternal,soul
old flame,past tradition,past,tradition
change his mind,change his mind,change,his mind
change his mind,sign his name,sign,his name
change his mind,do his work,do,his work
change his mind,do his duty,do,his duty
swan song,swan song,swan,song
swan song,fighter pilot,fighter,pilot
swan song,railroad station,railroad,station
swan song,story teller,story,teller
party animal,party animal,party,animal
party animal,campaign speaker,campaign,speaker
party animal,checker player,checker,player
party animal,brick arch,brick,arch
perfect storm,perfect storm,perfect,storm
perfect storm,exquisite perfection,exquisite,perfection
perfect storm,evil star,evil,star
perfect storm,everlasting infamy,everlasting,infamy
in her dreams,in her dreams,in,her dreams
in her dreams,between her teeth,between,her teeth
in her dreams,for her generosities,for,her generosities
in her dreams,for he rides,for,he rides
almighty dollar,almighty dollar,almighty,dollar
almighty dollar,annotated bibliography,annotated,bibliography
almighty dollar,primary side,primary,side
almighty dollar,transmitted signal,transmitted,signal
number crunching,number crunching,number,crunching
number crunching,end side,end,side
number crunching,co present,co,present
number crunching,oil pressing,oil,pressing
place to be,place to be,place,to be
place to be,extent to influence,extent,to influence
place to be,height to rise,height,to rise
place to be,inactivity to reduce,inactivity,to reduce
snake oil,snake oil,snake,oil
snake oil,chemical principle,chemical,principle
snake oil,bismuth subcarbonate,bismuth,subcarbonate
snake oil,animal produce,animal,produce
garden variety,garden variety,garden,variety
garden variety,self financing,self,financing
garden variety,horse hair,horse,hair
garden variety,minority carrier,minority,carrier
many moons ago,many moons ago,many moons,ago
many moons ago,few years ahead,few years,ahead
many moons ago,few weeks away,few weeks,away
many moons ago,many years past,many years,past
have a pair,have a pair,have,a pair
have a pair,have both choice,have,both choice
have a pair,call this effect,call,this effect
have a pair,like all right,like,all right
gift from above,gift from above,gift,from above
gift from above,angle of nearly,angle,of nearly
gift from above,help from above,help,from above
gift from above,consistency of jelly,consistency,of jelly
balance sheet,balance sheet,balance,sheet
balance sheet,population growth,population,growth
balance sheet,setting sun,setting,sun
balance sheet,control group,control,group
cat and dog life,cat and dog life,cat and dog,life
cat and dog life,vocabulary and sentence structure,vocabulary and sentence,structure
cat and dog life,rate and growth rate,rate and growth,rate
cat and dog life,blood and nerve supply,blood and nerve,supply
feeding frenzy,feeding frenzy,feeding,frenzy
feeding frenzy,pending controversy,pending,controversy
feeding frenzy,underlying shale,underlying,shale
feeding frenzy,sacrificing priest,sacrificing,priest
knuckles down,knuckles down,knuckles,down
knuckles down,cases annually,cases,annually
knuckles down,cases apart,cases,apart
knuckles down,inches only,inches,only
number games,number games,number,games
number games,appropriation laws,appropriation,laws
number games,body proceeds,body,proceeds
number games,alternating voltages,alternating,voltages
dismal science,dismal science,dismal,science
dismal science,fiery breath,fiery,breath
dismal science,evangelical preaching,evangelical,preaching
dismal science,difficult delivery,difficult,delivery
babe magnet,babe magnet,babe,magnet
babe magnet,1596exact counterpart,1596exact,counterpart
babe magnet,acid pipe,acid,pipe
ringside seat,ringside seat,ringside,seat
ringside seat,amorphous precipitate,amorphous,precipitate
ringside seat,brown hue,brown,hue
ringside seat,grand figure,grand,figure
excess baggage,excess baggage,excess,baggage
excess baggage,easy process,easy,process
excess baggage,last purpose,last,purpose
excess baggage,prime quality,prime,quality
rush hour,rush hour,rush,hour
rush hour,chloride ion,chloride,ion
rush hour,bone mass,bone,mass
rush hour,metal tube,metal,tube
piece of crap,piece of crap,piece,of crap
piece of crap,alteration of position,alteration,of position
piece of crap,antagonist of truth,antagonist,of truth
piece of crap,case with administration,case,with administration
pillow talk,pillow talk,pillow,talk
pillow talk,air alert,air,alert
pillow talk,adult authority,adult,authority
pillow talk,acid perfusion,acid,perfusion
all ears,all ears,all,ears
all ears,both continents,both,continents
all ears,all schools,all,schools
all ears,all paces,all,paces
middle of nowhere,middle of nowhere,middle,of nowhere
middle of nowhere,bottom of well,bottom,of well
middle of nowhere,resurrection of just,resurrection,of just
middle of nowhere,return from abroad,return,from abroad
comfort station,comfort station,comfort,station
comfort station,rail steel,rail,steel
comfort station,range work,range,work
comfort station,railroad monopoly,railroad,monopoly
tough as old boots,tough as old boots,tough,as old boots
tough as old boots,dependent upon foreign nations,dependent,upon foreign nations
tough as old boots,dependent upon certain factors,dependent,upon certain factors
tough as old boots,interested in social sciences,interested,in social sciences
half wit,half wit,half,wit
half wit,fold out,fold,out
half wit,risk taking,risk,taking
half wit,out balance,out,balance
good as gold,good as gold,good,as gold
good as gold,full of sorrow,full,of sorrow
good as gold,responsible for care,responsible,for care
good as gold,important from standpoint,important,from standpoint
play by ear,play by ear,play,by ear
play by ear,send with letter,send,with letter
play by ear,be at charge,be,at charge
play by ear,warm at fire,warm,at fire
jump through hoops,jump through hoops,jump,through hoops
jump through hoops,promote in ways,promote,in ways
jump through hoops,produce on minds,produce,on minds
jump through hoops,do for students,do,for students
sure as shooting,sure as shooting,sure,as shooting
sure as shooting,especially for having,especially,for having
sure as shooting,also for being,also,for being
sure as shooting,chiefly for omitting,chiefly,for omitting
university of life,university of life,university,of life
university of life,burden of labor,burden,of labor
university of life,consultation with wife,consultation,with wife
original as sin,original as sin,original,as sin
original as sin,normal in size,normal,in size
original as sin,bold in design,bold,in design
original as sin,polished with pumice,polished,with pumice
element of surprise,element of surprise,element,of surprise
element of surprise,news of battle,news,of battle
element of surprise,rate of loss,rate,of loss
element of surprise,measure of security,measure,of security
pale in comparison,pale in comparison,pale,in comparison
pale in comparison,see in street,see,in street
pale in comparison,show at work,show,at work
pale in comparison,pray for life,pray,for life